text,label
ter regist ringtone padahal tidak me regist sampah s,0
quota mksdnya gimana,0
min cek dm tolong,0
paket internet hilang ya,0
malam kak maaf ketidaknyamanannya lapor konfirmasi via dm ya salam teo,1
hai kak maaf bgt ya kak yuk coba setting manual jaring ya cara pilih atur jari,1
provider lambat canda lambat mahalnyadoang,0
sya udh kali coba beli paket kuota hot promo freedom you 10gb gagal transaksi s,0
cantik hi kak coba setting jaring manual pilih operator pilih indosat sukses,1
tak kiro muk wkwk makane saiki busak trus browser,0
min tolong dititidak yaa kuota 50gb tp gabisa akses internet tolong dititidak sec,0
jika kakak kenan kakak konfirmasi infoin data2 via dm,1
hi kak maaf keluh belum bantu titidaklanjuti sms tsb bantu bl,1
min ane transfer pulsa drtd gagal nih,0
halo nomer indosat udah tidak aktif tp kartu bisa diaktifin tidak min,0
spam every day,0
hai kak konfirmasi via dm ya yuk cek dmnya dini,1
ini ya nggak akses internet nya untuk youtube search google fb ig nggak jalan min,0
hi kak mohon maaf kendala ya kak yuk clear cache off aplikasi jalan coba akses,1
hai kak imam maaf ya tidak nyaman mimin bantu cek yuk infoin nomor indosat nama le,1
selamat sore keluh im3 error pulsa hilang padahal,0
tolong cek dm,1
min knapa dah jaring lemoooootttt bgt,0
saya ganti kartu sim card micro nano harus gerai hastag nya,0
hi kak air maaf kendala kait pulsa potong yuk info via dm nomor nama sisa,1
hai kak maaf kendala alami ya kami bantu cek infoin nomor nama milik,1
cek dm min,1
hai kak arman maaf banget bikin tidak nyaman nih kait kendala jaring sila kakak sett,1
hai kak maaf banget tidak nyaman langkah coba setting jaring manual re,1
hi kak yudha maaf alam silah info nomor nama aktif nama paket d,1
sisa kuota akumalasi tidak yaa atahu kuota bs bagi share guna tidak,0
skrg udh normal lgi tpi gpp kasi ya dri history signal data tahu,1
dan bulan kuota hilang mana,0
saya kena jam,0
hi kak prasetyo mohon maaf kendala ya kak yuk clear cache off aplikasi jalan d,1
jika msh info no hp sinyal lokasi detail kota kab kec kel rt rw jalan no alter,1
hi ka maaf kendala bisa bantu setting manual ya masuk menu atur network atahu,1
hai kak sam mohon maaf sblmnya mohon dpt info nomor kendala sisa pulsa aktif nomor,1
hi there sorry for the experince we will check for the problem please inform your number the nu,1
baik kak arman mimin titidaklanjuti yuk infoin signal data lokasi detail nama jalan,1
maaf baca respons sekarang beres,1
kak indosat jaring nya buruk banget ya kak open dm ka biar kasih wilayah,1
sayaa udh dm no hp ya,1
hai kak salsa mohon dpt cek dm sdh balas via dm salam lisa,1
hai kak maaf bgt ya kak yuk coba setting manual jaring ya cara pilih atur jaring,1
hai kak akira mohon maaf layan internet lokasi kakak optimal kami ber,1
you have deactivate my sim card without any info by email sms call it s not fair for customers als,0
hai kak mohon maaf alam alami kait kendala alami saat sdh infok,1
hi kak sahrul keluh respon dm ya kak thanks dasa,1
nim jika mohon bantu info nomor waktu detail jadi tanggal jam signal data,1
nim hai kak maaf kendala ya silah coba setting manual jaring masuk menu,1
hp,0
mohon bantuanya buka sim card salah pin 3x terimakasih,0
indosat jateng trobel sinyal 4g hilang h kadang putus nyambung,0
wilayah ciledug tangerang alami down 30 45,0
iya om mendung sinyal indosat tiarap,0
udah jam internet gabisa ya,0
tolong lh benah ni jaring hilang medan 4gnya gk tdi bagus aja,0
min tidak beli paket,0
min sinyal indosat nggak pakai internetan,0
hai kak paw maaf tidak nyaman langkah restart hp jika yuk info nomor indosat,1
m3 ganggu ya data ilang mulu udah restart mode pesawat tukar sim ganti jaring normal be,0
mohon jelas nya kak,0
hi kak herry bantu cek ya kak yuk infoin dm nomor indosat nam,1
sama menang tidak dpat bintang afk,0
temen saia lapor iya pakek indosat,0
rt indosat rumah 190mbps tp 2 sinyal doang koneksi dah lapor,0
internet freedom gakbisa dipake ya padahal ngisi 25gb,0
hai kak maaf tidak nyaman langkah restart hp jika yuk info nomor indosat,1
sayang banget ya kok jaring ilang pas butuh ganggu min,0
min logo 4g nya tidak muncul saya tidak hubung internet mohon respon nya min,0
mhn sabar,0
im3 ganggu jangan 4g internetnya gk jalan samasekali,0
hari tidak ngider surabaya sekitar surabaya coret sisi sela,0
rt indosat sinyal nya jelek banget ilang ilangan,0
hp,0
indosat sinyal nya jelek banget ilang ilangan,0
hai kak sms premium cek atur handphone ya kak pilih atur aplikasi,1
tolong cek dm min,0
sudah dm ya min terima kasih,1
min data suka hilang doang pagi,0
min bales dm,0
ada indosat surabaya sudah jam sinyal hilang kalau muncul sinyal kon,0
hai kak maaf banget alam akses ya jangan khawatir bantu kak yuk kir,1
haloo beli paket internet gagal ya,0
min maaf nomor pascabayar daftar sms premium ya thanks,0
hai kak maaf banget tidak nyaman langkah coba setting jaring manual kemudi,1
terima kasih kak ito sukses kak ito salam dasa,1
okay kak warsito selamat nikmat layan indosat ooredoo ya terima kasih ros,1
woiiiiiiii sinyal ilang2 tokkkkkkkkk,0
halo min ya 3g ngga aktif 4gnya tunggu follow upnya ya terima kasih,0
hp,0
cek dm pleaseeee,0
anjeerrr app m3 napa lagi beli paket nggak bisaa min gimana minn app nyaaa,0
min td pagi dpt kuota bantu kemenag kuota dipake app aja ya mayan,0
males ya ngedm indosatcare karna jaring jelek mulu,0
tolong,0
kuota zona indosat udah gaada ya min,0
admin bantu konfirmasi ubah setting dan laku ganti,1
gua barusan td tu bner2 ilang tidak batangsamaskali tulis 4g atahu h tidak,0
batang ilang timbul sih asw dah,0
barusan gue ilang tidak batang wkwkwk muncul lg,0
saya langgan setia indosat perlu kota palembang tinggal kota ja,1
indosat si daftar paket gabisa mulu pulsa ngurang gmn cerita dahal tethering,0
yoo hilang jaring lu,0
min tolong cek dm,0
bales,0
tidak ngidupin data ya lg ganggu,0
hi ka maaf kendala kami saranin abai ya kak uli,1
rt indosat rumah 190mbps tp 2 sinyal doang koneksi dah lapor,0
indosat karawang ganggu min lot banget kemaren,0
mohon cek dm pulsa hilang duh gimana masa pulsa raib disuru isi survey,0
no indosat ilang sinyal yah,0
hai kak nadia mohon maaf kendala alami kait guna pulsa kakak cek via,1
halo kak tolong bantu dpt kredit 100k isi pulsa knp pulsa utama potong ya,0
hi kak fadlila tingkat layan indosat ooredoo m,1
hi kak maaf alam silah info nomor lokasi detail nama gedung jalan kel k,1
hai kak ardyan maaf ya akses alami pasti setting apn isi indosatgprs of,1
wahyucatur halo mass tolong ya bantu isi teliti terang tidak,0
tell me why knpa sinyal tidak stabil pake kuliah ama kerja pdhal nya d,0
indosat daerah cileungsi bogor kabupaten ngapa dah paket beliin banget,0
4x4 hi kak konfirmasi via dm ya kak titis,1
hai kak surya mohon maaf alam alami kait kendala alami saat sdh,1
hi kak risa balas via dm ya silah cek dmnya salam zia,1
tolong min gimana ya indosat eror nggak akses internet tolong min responnya,0
sudah balas via dm ya kak silah cek dmnya salam zia,1
hai kak mohon maaf alam alami kait kendala alami saat sdh infok,1
topless hi kak info kait kondisi kualitas sinyal info faktor yan,1
wu tidak panas tuh board nya pasang outdoor box,0
indosat yah udah minggu tidak internetan beli kuota mau chat wa aja kelua,0
wilayah purwokerto timur lancar jaya bbrp lambat,0
min signalnya suka bgt ilang2an ya tolong banget mah min bantu trims,0
kaget app nya indosat makan size lumayan gede banget aplikasi chat maklum lha,0
wahyucatur hai kak wahyu maaf tidak nyaman langkah kakak clear cache tutup aplikasi ya,1
hai kak maaf alam ya yuk coba laku setting manual jaring jika terkend,1
tolong cek dm min,0
klo niat main curang ngerugiin ya,0
pulsa potong sampai tidak titidak kecewa,0
lu urus rep lu aja gausa urus org k,0
suruh setting apn atahu network manual laku hasil nihil sedang pu,0
restart hape kali tidak normal,0
min internet lambat banget ya padahal kuota 32gb jaring 4g sama,0
kalo dari ke ni,0
telat kalo niat iya,0
amp gagal kirim tp w udh kirim,0
lu ngerti bahasa g sih aelah perka,0
pagi min internet indosat tidak ya tulis login indosatoredoo min,0
topless gantung hape nya banyak hape2 jaman komplit fitur2 jaring s,1
misteri pecah tidak bisa pakai jam 30 jam 00 wib da,0
kak gmna biar registrasi pake prime bayar pake pulsa,0
misteri pecah pakai tidak bisa pakai jam 30 jam,0
bang beda kulaitas sinyal kartu taruh hp modem,1
baik kak maaf tidak nyaman silah kakak coba setting manual jaring ya cara silah,1
curang dia min main loncat ngitung replynya akun total reply masih 6k moga orang sepert,0
info iring hijaudaun ku tetap sayang ketik set spasi kirim ke indosatcare,0
hai kak info lengkap balas via dm ya sila cek kak salam isky,1
kalo curang pake akun yabg tw,0
hi sinyal 4g cmn buka twt wa,0
rt indosat rumah 190mbps tp 2 sinyal doang koneksi dah lapor,0
hi ka maaf bgt nih kendala saat sdh bantu follow up tim ya mohon tunggu updatenya uli,1
kzl,0
mayan bgt bonus gb makasih,1
tidak kak karna sangkut kecuali gerai makan wakil,1
iy bnyak delay kirim nya gk cur,0
hai kak dyka mohon maaf alam alami kait kendala alami saat sdh,1
halo migrasi layan pascabayar prabayar dtg gerai wakil makasih,0
erde baik kak maaf tidak nyaman silah kakak coba setting manual jaring ya cara silah m,1
sudah bales min titidak,0
baik kak put bantu kece ya yuk infoin no hp lokasi detail ko,1
selamat siang jaring ya delay sinyal turun sinyal 4g tidak,0
aktif freedom longlife tulis tapi aktif sd aja tu gimana,0
curang nih replynya curang,0
benerin sinyal jng banyak cincong chatan aja susah,0
saeful hai kak saeful kendala respon via dm mohon cek jangan lupa jaga seh,1
cek dm ya kak,1
min cek dm trims,1
mohon cek dm ya,1
lagi kesel aja haloooooo,0
di telpon tidak terima telpon rubah atur telpon lite only,0
harus rela nonaktif penggilan telpon signal,0
hai kak paket dpt kuota utama ya kak bagi kuota lisa,1
akhir indosat jd lambat banget sih min ketar tir ngerjain tes web kampus,0
kok pulsa gue tiba tiba ya belum ada 400an gue ga ikut langgan sms apa loh,0
waduh aplikasi myim3 iklan pinjol sih faedah,0
baik kak renda mohon maaf alam silah informasi nomor nama daftar pu,1
hai kak maaf alam ya kait kendala alami bantu respon via dm ya kak salam kuk,1
halo min komplain saya beli paket freedom combo via apps myim3 pemba,0
halo bestie maaf nanya beneran kuota utama tidak dibagi2 trust issue,0
lapor tiket 57127575315 tidak baik gk s,0
hi kak david maaf alam sila lengkap data dm ya kak aga,1
min cek dm ya,1
rt indosat rumah 190mbps tp 2 sinyal doang koneksi dah lapor,0
id,0
hi kak david bantu konfirmasi via dm ya kak titis id,1
id nih balas dm buntu bawah lampir kuota mas,0
rt indosat rumah 190mbps tp 2 sinyal doang koneksi dah lapor,0
oit min ud urip gantung wifi sinyal e tidak ono ganggu kah indosat kab tabalong kals,0
hai kak maaf alam alami transfer pulsa laku in,1
min tolong ya indosat kumat sedot2 pulsa pulsa dr,0
hai kak yhadie mohon maaf kendala alami jika sms dekat sms,1
sms masuk 40x tolong stop,0
gapernah make tri wkwkw sinyal jelek,0
tolong cek dm yaa,1
famous followers demokrat tv statusbrew indosatcare tahufikhidayat aboutvirgos cravethought checa,0
tahu modem udah unlock nyoba pake kartu bang,1
theone misal ganti sim tsel om,0
hai kak jika kendala atahu kait layan yuk infoin detail keluh pertanyaa,1
sama kayak,0
pagi kak ike info tambah nih nomor hpnya mention hapus ya kak tidak disalahgunakan thanks marsha,1
maaf ya kak yuk clear chache aplikasi tutup aplikasi jalan sama jika mas,1
hai kak laku kece mohon tunggu updatenya kak thanks marsha,1
selamat pagi ini nomor kuota tidak akses internet ya sudah gab,0
min sleman ngelag banget ngopo tohhhhh astagfirullah kudu piee ben iso glory minnn minnn,0
eh beda e bias jrang buka sms tp norif nya gangfu bgt isi,0
nialler hai kak maaf alam ya mimin info kait kendala alami mimin bantu foll,1
ohh iya bener beda tipe kayak thank you responnya om thank you revie,1
ini sengaja bgt ngebom sms,0
nialler hi kak informasi dm ya kak salam yusi,1
kpn tunggu update asu dh bgt gua komplen dpt bgini aja gk lu asu modal bacot jan,0
gnti provider gk becus usaha nya modal bacot janji busuk kya asu nih,0
indosat kek naigjzisnsmxkxk kuota gue masih ada 5gb ya pls jgn ngajak ribut meuni ini teh ga bisa di pake loadi,0
min cek dm,1
koneksi kacau min,0
koneksi buruk,0
hai kak yuk setting manual jaring ubah pilih jaring otomatis jika belu,1
hai kak itok bantu cek yuk kirim caoture paket dm ya kami tunggu salam nay,1
wu blum meong n,0
hai kak balas via dm nih yuk cek dm salam fizi,1
liat website indosat paket family and friend gmn aktifinnya min,1
udah indosat lambat bgt buffer ada nih,0
hai kak maaf ats keluh alami agar bantu cek yuk infoin data detailn,1
dear selamat malam saya keluh kali cek kuota via apps muncul popup ti,0
hekeruter,0
halo bapuk ya,0
ak wu huawei b818,0
wu ini tipe support cat19 banyak harga jangkau cat4,0
cah gendeng hahahaha mending beli odu poe aja atuh laaaaahhh,0
dr kemarin beli paket knp tidak dipake ya duh indosat gin ya kualitas,0
wu bongkar ambil boardnya doang masukin outdoor box pasang lpda antenna dah dij,1
min tolong cek dm ya,0
rt indosat rumah 190mbps tp 2 sinyal doang koneksi dah lapor,0
larang wid,0
sinyal sich dah malam tetep aja ngeleg kaya gin jelek kualitas indosat,0
wu huawei cat huawei manager lock band wifi 5ghz cocok,1
oh aja sia sia make orbit ntar,0
internetnya lambat dah listrik padam,0
hi kak maaf ketidaknyamanan alami mohon info data nama nomor be,1
hai kak yuk infoin detail atahu kendala alami nomor ya kak via dm,1
hai kak maaf ats keluh alami agar bantu cek yuk infoin data detail,1
kucing ya wifi ac kah,0
kemarin suruh mulu tp gada piks piks nya ttp gitu aja trs ni jaring malem gaperna bener,0
betul pakai pjj anak biar tidak ganggu internet rumah amp manfaat,1
kak jaring gin yaaa,0
sinyal indosat joglo ko bar ya,0
hai kak marianda mohon maaf akses jaring alami optimal kami ber,1
hi ini sinyal full 4g paket data tumpeh2 kagak ayo kerjasamanya,0
hallo tidak beli paket,0
hi kak lucky maaf alam kait jaring nya kendala jika mohon k,1
kak dm barusan ya,1
hai min kuota malam apa kuota utama habis,0
hai kak royko maaf alam bantu yuk infoin nomor nama d,1
sudah bawannya antenna nya mungkin beda tipe krn tipe antena,1
prime,0
ni jaring napa sie malem gaperna bener,0
waktu beli orbit telkomsel ngga cepat trus orbit kartun,0
wu mentok maks mbps doang,1
baik kak terimakasih layan indosat ya apabila alami kendala atahu menanyaka,1
hai kak balas via dm ya cek dm nya kak salam dyko link dm,1
hai kak balas via dm ya cek dm nya kak salam dyko link dm,1
min kemarin isi kuota internet indosat manual sms im3paket udah say,0
hamdalah ok gue coba ya tidak gue dm,0
hai kak maaf alam yuk coba setting jaring manual ya kak pilih atur jaring,1
signal busuk banget,0
heh ajg inet kau taik,0
kemarin router rusak jadi beli router merk tenda kayak fot,0
kucing nih om si tenda,0
indosat kasihan gue gabisa liat tl samsek gimana cobak btw sambat jari,0
kak dm tera alamatsamanomor,0
modem orbit telkomsel bagus om daerah sulawesi cepat sampe mbps,1
dear beli ganti paket internet gagal ya sudah chat indira cs agen n,0
hai kak kait kondisi kakak alami yuk clear cache apl seri,1
bantu cek dm ya,1
hello isi paket my m3 ko blm proses y,0
maaf ya kak yuk infoin detail dm ya cek leo,1
advan tarik harga 400ribuan,1
paket unlimited cek kuota 9 gb cepat batas normal dipake twitter whatsa,0
tplink mr6400 rekomen om,1
nggak nyoba pake telkomsel orbit bang,1
rt indosat rumah 190mbps tp 2 sinyal doang koneksi dah lapor,0
indosat paket ko,1
indosat rumah 190mbps tp 2 sinyal doang koneksi dah lapor,0
tolong daerah bogor habis hujan parah banget jaring nya jelek,0
min cek dm,1
hai kak bayu mohon maaf kondisi alami ya yuk info nomor kendala nama lengkap sisa,1
hai kak fia maaf banget kendala bisa coba restart handphone coba ya kak,1
hmmm baguss sinyalnyq yak,0
indosat akhir2 jaring renyek vidcal buruk banget,0
hormat indosatooredoo nomor kirim pesan sms,0
hi kak detail info mimin dm kak salam bram,-1
wkwkw tai lu,0
halo sinyal angel to nggo ngegame online ping parah,0
tannnn hai kak maaf alam yuk coba merefresh hp clear cache tutup aplikasi amp n,1
kak ya pulsa sedot terus2an pas cek langgan apa2nya diunreg tidak tap,1
sian napa setan dateng dateng sian siun sian siun,0
aja kaga beda,0
oii lambat bgt jaring siang,0
mati listrik jaring jdi jelek jga gimana,0
hi kak coba setting jaring manual pilih operator pilih indosat sukses dap,1
halo ka cek dm ya,1
cek dm min,1
beberapa pakai indosat eh sinyal tidak buat internet 2g gimana min,0
gerangan si kawan etdah,0
bro sejak hut sinyal,0
min ya paket internet potong pulsa utama apa mas,0
hi kak dwiko maaf alam yuk coba off on hp sila coba kami infok,1
enggak aman aja dasar testimoni adek ku,0
kena angin dikit terbang sinyal,0
alih nya,0
min dm,0
mari alih k,0
selamat malam admin tolong cek dm ya min terima kasih,1
bayar tagih pascabayar alfamart agar cepat hubung agent silahk,0
halo sinyal lambat indosat,0
hi kak maaf alam alami cek yuk infoin nama nomer d,1
layan indosat trouble gimana beli paket internet udah coba ulang kali g,0
tsel,0
tolong cek dm ya kak,1
tolong robot ya,0
ambil rekening v,0
hai kak rendika bantu nih yuk info nama lengkap nomor detail kendala ap,1
jaring ganggu kah,0
halo gimana ya saya udah daftar paket duit udah potong gabisa paket,0
min cek dm,1
cek dm,1
hai kak bantu info paket nelpon telp rumah paket nelpon op,1
hai kak david kami bantu konfirmasi via dm ya kak sore koni cc id,1
min paket nelpon telpon rumah,0
id tulis bebas kuota habis tidak m,0
dm tolong balas,0
admin tolong cek dm ya,1
payah pelayanane,0
dear admin cek dm,1
hai kak kami konfirmasi via dm ya kak sore koni,1
min sinyal indosat terminal poncol semarang jelek parah situ kota,0
beli pulsa dah tidak masuk dua lempar tanggung terus mana,0
hai kak mohon maaf alam alami kait kendala alami saat sdh info,1
dm,0
yusuf hi kak khanif bantu nih yuk dm detail kendala atahu informasi butuh infoin,1
hi kak apriyan maaf alam kena kendala kakak alami mimin saran b,1
km opie kumis kah,0
hi kak kendala jaring lambat sila hapus sampah aplikasi stop aplikasi jalan ya kak,1
paket tidak aktif bulan gimana tolong daftar paket males,0
ganggu kh ko lambat bngt ya,0
hai kak novi mohon maaf ya alam kami saran coba pindah simcard hp pe,1
min nomer d hubung tidak yaa,0
bayar gopay transaksi gagal kendala kembali dana tidak,0
min cek dm,1
hai kak maaf alam untuk info kait masalah nomor balas via dm y,1
hi kak cek dm yuk rinta,1
min knp ya beli paket 100gb gagal ya pdahal muncul promonya d aplikasi,0
haduh indosat lambat bgttt si,0
layan indosat kecewa kait masalah tidak sinyal 2x24 jam gk sinyal n tidak baik,0
layan indosat ooredoo ya salam rinta 2,0
hi kak alvin maaf banget capturenya baca sistem apakah kakak maksud adala,1
indosat sinyal ilang ilang kemarin,0
hai kak naufal maaf bgt ya alam agar mimin bantu kece mohon dpt informasi deta,1
tolong hentiin sms hari ampe sms kek org tidak kerjaaan,0
hi kak cek nomor kakak tidak daftar konten apa ya yuk,1
min bales tuh,0
dear cara transfer pulsa indosat telkomsel gimana ya saya pakai sms dg fo,0
ind0sat lg eror tidak si,0
cek pesan,0
kembali kasih kak endang terima kasih layan indosat ooredoo jika,1
ook thx ya,0
sok atuh a,0
beb,0
kayak isi pulsa no utama masa aktif tolong bantu kuota kemendikb,0
dm dr kemarin,0
sudah tidak ubah,0
ngentot,0
hai kak maaf bgt ya kak yuk coba setting manual jaring ya cara pilih atur jaring,1
masih internet 2 mb s bahkan kadang tidak 1bar,0
buka gembok dlu tidak sih biar baca,0
up sat,0
halo min ko tmn unreg tidak yaa,0
hi kak maaf kendala nomor xxxx1576 xxxxx5031 xxxx8322 yuk ko,1
oya butuh informasi via whatsapp official ya kak,1
oke kak hanafi terimakasih setia produk indosat ooredoo jangan ragu hub,1
udah masuk min barusan gajadi komplain,0
tambah parah banget min tangan,0
baik kak terima kasih dm kirim mohon tunggu meresponnya salam nima,1
top up 2x 20rb terima cm 1x saldo udah potong 40rb pdhl sukses whyyyyyyyyyyyy,0
awikwok,0
hai kak arjun mohon maaf alam alami kait kendala alami saat sdh i,1
mhn balas dm tks,0
hapus paket gimana coba my im3 g indira jawab tidak nyambung nanya hsp,0
min paket 9rb 4gb beneran 4gb kah dapet 2gb ya cek kuota 2gb gimana,0
hai kak dodi maaf batas karakter bantu respon via dm yuk cek dmnya salam nima,1
hallo apakah atur langgan indosat hilang simcard urus kegal,0
hai kak nia maaf alam ya yuk coba laku setting manual jaring jika,1
hai indosat dr ya sinyal,0
siap,0
rozaq sama kak depan sila konfirmasi kak azes stayhomestayconnected,1
matur suwun,0
rozaq hi kak rozaq informasi dm ya kak azes,1
hi kak yuk cek dmnya rinta,1
ka tolong cek dm ya,1
admin tidak transfer pulsa bulan2 kemarin,0
angga hai kak angga aktivasi paket blackberry nih sila akses menu umb,1
ri nomor data pribadi bocor,0
baik kak daff bantu cek mohon tunggu info thanks rinta,1
aktivasi paket blackberry internet service nggak,0
dedew hai kak dedi balas via dm ya kak jangan lupa jaga sehat kakak keluarga t,1
tolong bantu min cek dm,1
tolong balas dm,0
seperti cs indosat bingung,0
hi kak yuk cek dm rinta,1
dedew hi kak bantu cek nomor terima aktif paket nih pasti nomor terima ti,1
dedew hai kak dedi balas via dm ya kak jangan lupa jaga sehat kakak keluarga t,1
cek dm min gift paket gagal mulu urgent nih,1
tolong sinyal area duri kepa kebon jeruk sinyal hilangan2 tidak org jd alami,0
hi kak detail konfirmasi via dm ya thanks reyna,1
udh bales ka,0
maaf bgt kak adhi bantu cek ya yuk dm nomor hp nama milik kartu aktif kartu capture,1
bhayuajie jika mohon bantu info nomor waktu detail jadi tanggal jam signal dat,1
bhayuajie hai kak maaf kendala ya silah coba setting manual jaring masuk men,1
nomor im3 tidak beli paket internet udah malam tidak,0
sinyal tiba2 ilang gua afk dadak kena ban bom ntar gua direport sih pagi2 bikin ma,0
hi kak informasi dm ya kak salam yusi,1
cek dm yaaa,1
hai kak latifah maaf kendala ya yuk info nomor nama daftar alamat tagih tanggal,1
haloo indosat tolong bantu saya email tagih indosat pasca bayar email udah,0
halo cek dm ya,1
konyol kartu ajor jaring sak koneksi e ajoor pwolllll apeeeesssss,0
hai kak endang paket yellow registrasi umb 111 atahu myim3 untuk bantu c,1
layan internet yellow im3 tidak sedia,0
min cek dm,1
kartu bwosok komplain ngga ono ubah blas,0
wkwkwk kerja mati,0
dm ki bde om restart jaring,1
hai kak sdh respon dm cek ya kak thanks marsha,1
ndk dm pancet ae ganok kembang,0
hai kak maaf alam rasa untuk detail yuk cek dm balas ya kak kim,1
hai kak maaf ya tidak nyaman bantu kece mohon detail vi,1
kirain aing doang,0
om lag om,0
kartu bwosok ngga recomend,0
halo kak tolong cek dm ya butuh bantu terimakasih,1
lelet banget internetnya,0
cek dm please,1
mhmd hai kak sena maaf alam rasa untuk detail yuk cek dm balas ya kak kim,1
jaring ya sinyal full lte tidak koneksi,0
kungfuu hai kak maaf kendala ya yuk infoin data nomor hp nama registrasi kartu,1
dan nyuruh restart gokil gokil kata hp kentang butut kali gua pake,0
maaf mulu udah kaya lebaran kaga sekali kasih gua nastar lu,0
hi kak andika maaf alami utk keluh akses data sila kakak setting jaring man,1
provider asu babi jing gk gulung tiker aja lu pd babi,0
hai kak mohon maaf kendala alami kami saran restart hp dlu ya kak coba aks,1
udah,0
kungfuu hai kak maaf ats keluh alami agar bantu cek yuk infoin data detailn,1
hobi ilang ilangan sinyal abia ujan,0
woy ping lu ah tolong lah,0
beli paket hot promo internet gabisa baik 3 atahupub aplikasi ada kah,0
said hi kak informasi dm ya kak salam yusi,1
darah udeh menang 0 boy tolong lahhh,0
gimana nomer lengkap info nomer web cek regis nomer tidak lengkap ta,0
betapa buruk alam customer service indosat saya solusi data say,0
hi kak informasi dm ya kak salam yusi,1
t k w s waspada mandiri ttd beda bentuk eharusnya kanan amp tak garis angga,0
waspada mandiri ttd beda bentuk eharusnya kanan amp tak garis anggap identik,0
haloo indosat tolong tanggap dm nya yaa,0
hai kak maaf alam yuk coba setting jaring manual ya kak pilih atur ja,1
jerico hai kak balas via dm ya yuk cek dmnya gery,1
sebel ah gua kau kemaren si merah ngadat sekarang kau,0
jaring internet indosat m3 lg yangguan apah ya,0
hai kak maaf alam yuk coba setting jaring manual ya kak pilih atur j,1
kasih solusi tidak pulsa potong data off posisi kartu 2g,0
tolong pnya paket internet internetnya tidak jalan sinyal 4g full,0
sinyal internet dadak e edge 4g kenapa bgini sih,0
tes,0
baik kak terima kasih dm kirim mohon tunggu meresponnya salam kim,1
hi kak akses sila off on hpnya coba dm nama lengkap nomor,1
cek dm woooooyyyyy,1
iya udah cek siang sayaa reedem 5gb 110mb tidak salah tuh,0
mohon maaf ya kak kevin kait kuota bonus saran silah cek 8 ya gery,1
cek dm dah gue infoin situ,1
hai kak mohon maaf sblmnya mohon dpt info nomor kendala sisa pulsa aktif lisa,1
ga salah nih reedem kuota 5gb skrg disa 100mb,0
sinyal lu jelek banget sumpah,0
dm,0
min tolong check dm yah thanks,0
hai kak maaf alam ya agar bantu cek yuk infoin nomor kendala na,1
gue pakai wifi paket hari gue tidak gue pake habis gimana si,0
sobat mari cdm,0
cek dm,1
tapi gb,0
halo kak beli pulsa 10k niat beli kuota 4gb 10k engga bener proses,0
ya alloh tidak sinya,0
hai kak maaf alam yuk coba setting jaring manual ya kak pilih atur j,1
coba 60,0
cek dm ya min makasih,1
emg ngajak ribut kartu udah putus tagih masuk,0
hi min mohon cek dm ya,1
ini jaring jakarta udh kek jaring akuarium sampah ping jumping2 boro2 ngerusuh lord,0
fauzi id hai kak fauzi bantu yuk info atahu keluh ya kak senang h,1
min tidak akses ya,0
min ko tukar im3 point paket lambat bgt paket nya yah,0
hai kak maaf alam rasa untuk detail yuk cek dm balas ya kak kim,1
hai kak anne maaf ya alam kami saran coba restart hp turun jaring,1
min ko tidak beli paket,0
yo indosatcare ayobantu retweet amp cekidot tokotamz pinbb 2bb19b17 jual sepatu baju aksesoris cewek makassar,0
kak habis beli pulsa tokopedia nah habis ngisi pulsa kuota hilang itu,0
masnyo hi kak mas maaf ketidaknyamanan alami mohon info data nama nomor ber,1
hai kak hanif mohon dpt info detail kendala nomor kendala sisa pulsa nama t,1
akhir2 indosat high latency ping banget ya min padahal,0
down lambat h sinyal bar kosong,0
nomer tidak kirim gift kuota nomer mym3 kenapa ya sudah 2hari,0
social distancing terap mari cegah tular covid langkah happy weeken,0
hai ka cek dm,1
tolong cek dm ya min,0
hai kak aplikasi baru sesuai fitur kak kapasitas lenih salam fadil,1
mohon bantuanya henti langgan main2 beberapakali coba gagal,0
mohon bantuanya tidak sengaja coba gratis main tidak pakai aplikasi,0
min sayaa isi pulsa pagi lwt jam gin kug masuk ya lapor mana y,0
min mohon cek dm,1
hi kak mohon maaf ketidaknyamanannya kakak detail jadi via dm ya terima kasih adi,1
masih tidak min dah min tidak promo promoan rugi tidak dipaketin kapok pake im3,0
ini indosat lagi main tiba2 sinyal ilang ntar bbrp menit muncul beli,0
hi kak maaf alam alami cek yuk infoin nama nome,1
weh min buset suruh nunggu mulu nunggu pulsa gua ampe abis nih cerita kaga balik balikin pulsa,0
halo knpa tbtb paket berhentiin padahal tidak etik unreg tidak etik apa t,0
cek dm kak,1
hai kak adi informasi info via dm yuk cek ree,1
gara2 bot kek wkwk,0
salah server tuh adminnya,0
gara2 ngetag protes wkwk,0
lah,0
ini adminnya dm wkwk,0
user,0
untuk riset atahu compare,0
yoii,0
diri guna im3,0
nah knapa kaga orang aja gitu nanganin males ngejelasin dar,0
kak dm atahu dm akun bantu adminnya amp pu,1
ada atur khusus aktif jaring 5g jaring indosat coba balaikota solo un,0
udah dm keluh kemarin tidak respon tolong bantu kak,1
amir hi kak amir maaf banget nih alam kakak terunreg by sis,1
min sinyal jeblok banget sampe tidak internetan lanjay tolong cek,0
hi min prosedur ganti kartu sim card 3gke 4g sayaaratnya biaya,0
kembali kuota unreg,0
min signal jelek bgt yak tolong baik hadeh gin pindah belah aja deh,0
halo min indosat sinyal tibatiba ilang ya,0
hai kak maaf kaka tidak nyaman agar bantu titidaklanjuti yuk info sesuai data,1
hallo kabar kumat nih sinyal jakarta hutan wa aja sampe tidak masuk,0
hallo kabar kumat nih sinyal jakarta hutan wa aja sampe tidak masuk,0
min pulsa kurang tolong cek dm,0
cek dm ya,1
hai kak kirana bantu respon via dm yuk cek dmnya ya kak nunu,1
im3 skrg eror kecewa banget kali hasil cuman buang duit tok,0
sudah respon min terima kasih mohon cek ya min,1
sinyal hilang min udah restart aja,0
hai kak ton prime propaid paket prime mekanisme bayar d,1
hi kak ya kakak pulsa registrasi paket pr,1
transaksi beli kuota gagal duit layang gimana nih,0
kak prime propaid tu ya,0
min prime propaid tu sih,0
hai kak bantu respon via dm yuk cek dmnya ya kak salam nunu,1
kak paket prime prabayar tu gift tidak ya,0
min prime indosat nomer prabayar tidak min,0
kak prime ya bayar pake pulsa,0
admin check dm terima kasih,1
berisikkkk ga usah nawarin yg ngga pentinggg,0
ini sama2 mogok kerja hp gua ya brengsek,0
hai kak mohon maaf kendala jaring langkah kakak on off hp 5 menit m,1
belum masuk min,0
hai kak maaf banget nih alam kait kendala silah restart coba pa,1
hai kak lokasi kaka normal ya kak silah restart coba pasti apn indosat,1
min jaring tenggelam dr kemaren tlng baik donk cara manual,0
hai kak balas via dm ya cek dm nya kak salam esta,1
min tolong cek nomor indosat saya ngga akses internet,0
cek dm adu ge belon selesai pertangungjaeabannya indosat pulsa sedot perkb kuota,0
hai kak romi iya kak milik benefit kuota pasti bonus masuk dg kece ulang ya kak ifa,1
hi kak maaf bikin tidak nyaman untuk langkah saran clear cache nonaktif aplikasi b,1
ini aktifin data seluler pulsa nggak sedot min,0
hai kak mohon maaf kendala ya yuk coba setting jaring manual restart hp kak,1
sih internetnya kelas yaallah,0
dear indosat mogon cek untuk wilayah camat gurah kabupaten ke,0
coba sih cek daerah ssinyal indosat atahu yah lok kelumbayan barat tanggamus lampung,0
hai kak info balas via dm ya sila cek ree,1
ga gt min maksuntuku baca captionku deh,0
hai kak ray kece info detail kendala capture tawar,1
minnn gimana nih,0
mbak indro bales dm buru nih kerja tidak kelar2 gara2 paket data,0
selamat siang ya di desa jetak montong tuban sinyal tidak sampek muncul,0
hai kak tedi maaf kendala bisa info capture detail bonus oleh nomor nama,1
hi kak informasi dm ya kak salam lya,1
hai kak maaf alam untuk info kait masalah nomor balas via dm,1
halo min butuh informasi sim card rusak aju ganti proses dilakuka,0
haloo bagaimana kartu indosat kata bonus call center hubung,0
selamat siang kenapa yah jaring indosat lurah pandu camat bunaken kota man,0
hi kak informasi dm ya kak salam lya,1
pulsa sedot ya padahal tidak langgan apa,0
sudah dm ka tks,1
hi kak informasi dm ya kak salam lya,1
min nanya pulsa suka potong ya tidak ngapa ngapain potong pelan,0
halo henti paket pasca bayar rubah prabayar gimana ya tks,0
jaringaaan,0
gerai depok ya sesuai jadwal jam pagi,0
buka dm pulsa sedot pafahal kuota habis sedot 20rb,0
irmanda hai kak riki info beli paket data atahu nelpon tidak tambah aktif nom,1
min beli pkt aktif kartu tambah ato trims,0
hai kak erik maaf alam ya kak belum registrasi paket pasti jaring 3g 2g,1
sdh bls ya dmnya thx,0
min niat jual tidak sih dari kmaren suspect gagal suspect gagal aplikasi ganti aplikasi,0
pagi min tolong cek dm min dr td pagi mulu nih padahal udah restart udah hidupk,0
id tolong cek provider suka motong pulsa alas tidak masuk akal,0
hi kak ochacoffee kait alam kakak balas via dm yuk cek rinta,1
hai kak bella maaf banget nggak nyaman agar bantu yuk infoin nomor aktif,1
indosat suka nyolong pulsa pake alesan pakai perkb data gua aja mana paket gua abis,0
hei bantu jelasin isi pulsa sedot ampe tidak pake apa2 soal k,0
ribu sms nih biar henti ngirim2 sms sperti beratus2,0
cek dm min,1
hi kak informasi dm ya kak salam lya,1
pagi min sayaarat ganti kartu gerai kena biaya tidak,0
tigan hai kak nopri maaf kendala jika internet lambat coba clear cache atur aplik,1
kenapa lambat,0
dragon hai kak gerai sis kebon jeruk jl rawa bong no rt2 rw kb jeruk kec pal,1
dear indosat care henti pascabayar tidak rumah hrs luka via,0
pagi min tolong check dm ya,0
baik ya kak terimakasih hubung ya kak ragu hubung bu,1
baik terimakasih,0
hai kak bantu respon via dm yuk cek dmnya ya kak salam nunu,1
min transfer pulsa gimana ya,0
min transfer pulsa gimana ya,0
hi kak mohon maaf kendala yuk restart hp coba akses mohon info,1
hai kak balas via dm nih yuk cek dm salam fizi,1
udah kirim dm kak nomor,1
ini kuota bgt lhoo terus butuh pakai nggak gimana sinyal e melulu,0
hai kak balas via dm nih informasi nomor detail kendala via dm ya kaka yuk c,1
baik ya kak terimakasih hubung ya kak ragu hubung b,1
done thanks kak,0
halooo kartu sinyal e yaa jadi nggak pakai paket data nggak pakai,1
fian hai kak maaf kendala ya silah info detail kendala nama nomor via dm ya,1
ganggu teroosss,0
hai kak maaf kendala sila coba off on hp coba akses ya kak jika,1
tidak bs panggil sudah coba restart n cek fdn nya off kenapa ya,0
hallo kak kendala sinya tempat apakah kakak dm duluan,1
jak hai kak balas via dm nih yuk cek dm salam fizi,1
tolong nelpon united kingdom ketat tidak nelpon beri tahua,0
hi kak mohon maaf kendala ya kak yuk info nama nomor kendala pulsa,1
hai kak jaga privacy nomor kakak sila hapus mentionnya ya kak kami cek kakak,1
hai kak diaz transfer pulsa laku guna indosat ya kak bora,1
kirim pulsa indosat oeprator bos umur,0
hai kak nurmi mimin konfirmasi dm ya silah cek ya kak kim,1
tolong cek dm ya,1
ngetwit buka foto video gabisa sehat kah,0
dear admin gimme a solution pls,0
cek dm min,1
koneksi internet jelek yaaaaaaaa,0
hi kak maaf ya ketidaknyamanan alami mohon info data nama nomor be,1
dm kak,1
min cek dm please,1
dear admin please check my dm thanks,0
min lambat bgttttt loading mulu yaaa pdhl kuota full,0
jika aju sponsorship indosat semarang,0
setya15 hai kak mohon maaf langkah saran clear cache bersih histori aks,1
hai kak bantu kaka yuk infoin atahu kendala alami,1
pulsa indosat mudah sedot si kesel bgt huhu tidak kyk smartfren fiturnya orang ngeluh pulsa sedot i,0
buka dm kak,1
belle hai kak idah nomor pascabayar langsung bantu ya prabayar gerai ya gery,1
natse iya lambat bgtt polll,0
nanya blokir no online atahu hrs daateng galeri,0
hai kak mohon maaf langkah saran setting jaring manual restart hp j,1
pp,0
min indosat kenaoasehh kok gabisa buat buka gugel,0
indosaaaat bangsaaaaaaaaaat,0
buat cek sinyal kuat wilayah atahu zona gimna yah ganti provider kyanya si,0
hai kak pasti format registrasi sesuai ya ketik nomornik nomorkk kirim ya k,1
sinyal rumah bapuk bgt deh indosat im3 sinyalindosat,0
min jaring internet lg down ya buat main game kaya orang bego,0
natse malam kak maaf ketidaknyamanannya lapor konfirmasi via dm ya salam teo,1
jaring lg down ya payah dah,0
plz cek dm y,1
registrasi nomer koq tidak ya,0
iyah kak indosat thebest lahhhh tp bo 0ng wkwkkk,0
cek dm,1
hai kak erlan maaf banget pengalamanya ya saat proses kak mohon tunggu inf,1
jaring internet lambat banget nih ciyus,0
cek dm kak,1
min tolong cek dm,0
hai kak respon dm ya salam nay,1
halo sinyal daerah rendah internetnya lambat,0
malam kak maaf ketidaknyamanannya lapor konfirmasi via dm ya salam teo,1
cek dm ya min,1
masih jaman yah internet perkb paket internet tp pulsa ttp aja ilang makin kesini kaya ginih yh m3,0
kak tolong cek dm ya,1
cek dm min,1
hai kak maaf alam bagai langkah pastiin aplikasi terupdate versi te,1
at hi kak atho info mimin lanjutin dm ya kak song,1
kalo bantu kece yuk info via dm data nomor nama,1
hai kak maaf kendala alami yuk coba restart hp pindah hp laku settin,1
kak coba beli paket data app gagal mulu ya,0
ganti kartu hilang krn cecer rumah serta surat terang hilang polisi,0
hai kak purnomo alami info dm ya ecek salam calya,1
hllo min knp bekas internetnya lambat banget gagal loading,0
cek dm cantik,1
buat main game kog lag mulu beli paket,0
admin cek dm ya,1
halo min koneksi data tidak yah,0
cek dm,1
anying ngaco aing unreg paket jam 36 beli paket jam 37 paket beli langsung kena unreg,0
minn cek dm,1
tolong ya lama2 ngeselin bgt gua masukin voucher gabisa grgr yan,0
belum masuk kak eror ya,0
ancur wes ancur ancur sinyal telkomsel smartfren,0
tolong cek dm ya min,0
hi ka cek kakak pny bonus pulsa ya isi pulsa bonus pulsa,0
cek dm kak,1
hai kak maaf kurang nyaman kait kendala alami bantu konfirmasi via dm ya,1
hi ka rom maaf kendala untuk paket terunreg langgan blm bantu proses,1
cek dm min,1
hi ka suryantoro maaf kendala kami cek paket sms nya sdh masuk ya bisa cek atahu myim3 uli,1
cek dm kak,1
permisi tolong batalin unreg paket nggak belakang pop up yh menganggu n,0
hi kak informasi dm ya kak salam yusi,1
tolong gan cek dm makasih,1
min cek dm terima kasih,1
cek dm min,1
min udah tf bayar ucan aplikasi my im3 bayar gimana,0
cek dm thanks,1
urus hilang kartu indosat gimana,0
cek dm min,1
udah dm tidak direspon min huf,0
hai kak atahu kendala yuk kak info nomor detail kendal,1
indosat sie min,0
tidak nelpon u kingdom loh notif pulsa potong,0
tolong operator titidak nihh bikin pulsa sedot tidak nelpon dapet sms,0
min program tukar point myim3 tukar voucher tokopedia ko proses ya atahu sudah tidak,0
ya min tolong respon dm nya ya drtd tidak respon lg,0
hi kak maaf alam alami cek yuk infoin nama nomer da,1
anti bgt telfon wa telkom indihome semua2nya wkwk tak block,0
hi kak mohon maaf ketidaknyamanannya kakak detail jadi via dm ya terima kasih adi,1
min wifinya ganggu mulu min,0
jika yuk kirim dm nomor waktu jadi jam tanggal lokasi det,1
hi kak iwan maaf alam ya langkah kakak masuk atur jaring kem,1
mimin kemarin pakai ucan apk indosat bayar pas tanggal jatuh tempo kenap,0
indosat tolong baik jaring mu daerah diri parah akhir2,0
citizent hai kak mohon maaf sblmnya mohon dpt info nomor kendala nama daftar nomor lisa,1
hi kak pam balas via dm ya silah cek dmnya salam zia,1
bandung lg ganggu gimana tidak dipake semalem kirain abis paket udah isi tidak buka internet,0
hai kak fauzan mohon maaf alam kait kendala jaring alami bantu balas,1
okesiapppaku dm yaa min,0
baik kak maaf bgt ya bantu yuk infoin nomor nama daftar sisa pulsa,1
mimin mohon cek dmnya ya terima kasih,1
hai kak indra maaf alam ya untuk info lengkap balas via dm ya si,1
udah kak tetep otp gojek tidak masuk,0
hai kak maaf alam ya kami saran atur izin sms premium c,1
ya jual ente boss hadeeeeehh,0
hi kak cek paket masuk sila kakak konfirmasi jual paket ya thanks rio,1
tuker poin kali tp g reward kirim no,0
sore min ya nomer indosat tidak terima kode otp,0
hai kak maaf ya kakak tidak nyaman mimin saran bs clear cache applikasi atahu game sto,1
cek dm lurr,1
jaring lambat banget ya,0
tidak tanggung mohon bantu id,0
sore min mohon bantu cek dm ya,1
hai kak informasi dm ya kak terima kasih ros,1
kak area jakarta ganti simcard indosat mikro nano nomor bis,1
aytida hi kak maaf kendala ya kait pulsa potong yuk info via dm nomor nama sisa,1
sore min pulsa kurang pdhl tidak dipake,0
rt min terima email padahal langgan indosat nama anandri wi,0
kecewa layan indosat gig kompensasi konsumen ganggu internet mati minggu cc,0
sinyal 3g kemarin min restart,0
baik kak maaf ats keluh alami agar bantu cek yuk infoin data detai,1
hi kak informasi dm ya kak salam yusi,1
selamat siang admin mohon cek respon dm terimakasih,1
hi kak nisa info mimin dm ya kak song,1
blm dm masuk kak,1
hi kak keluh respon dm ya kak thanks dasa,1
sudah dm ya,1
hai kak nisa maaf kendala ya yuk infoin data nomor hp nama registrasi kartu,1
woy deh tidak sinyal mulu,0
hai kak maaf ngga nyaman kait kendala balas via dm nih sila cek,1
halo unreg paket internet tidak ya,0
min knp kemarin lambat bgt,0
jgn promo aja nya sinyal 4g pelosok desa tp knp tmpat ku msh bilang kota,0
ada mintak tower tmpat kota tp jaring mer,0
sangat amat lambat udah restart kali kali lambat lancar malem aja pagi sd sore ancur test,0
kenapasiii lambat bettt weey,0
udah kemaren tidak akses internet,0
dah respon nya,0
kartu nih udah jam tidak cepet,0
min sinyal internet camat sawah kabupaten nganjuk kemarin tidak ya gimana,0
hai kak selvi maaf alam pasti registrasi data seluler off turun jari,1
isi paket data ko blm masuk2 ya mohon cek min thanks,1
admin ini masalah pasca bayar saya gamau tau harus di tuntas kan peras costumer,0
cycl3 hi kak maaf alam agar bantu cek gagal registrasi paket yuk infoin n,1
siang kak bantu yuk infoin detail atahu keluh serta nomor via dm ya,1
beli paket app myim3 dg metode bayar paylater tp transaksi gagal saldo paylater td,0
cycl3 hi kak balas nih alam yuk cek dm rinta,1
hi we ve already informed you about the problem you re having in your dm let s check again kade,1
hi kak rizki maaf banget bikin ngga nyaman kakak coba clear cache setting jaring manual ya,1
min indosat lambat banget kaya tidak dipake kuota internetnya padahal ngisi 25gb,0
p,0
terimakasih respon pelayannannya moga sukses selalu buat indosat sehat un,0
mumetndase hai kak tarik promonya ikut program ya tergangg,1
efendi nahhhh,0
iya banget kek gin hyung hamba nyesek,0
hai kak aya maaf alam untuk info kait masalah nomor balas vi,1
hai kak aya kendala respon via dm mohon cek jangan lupa jaga sehat,1
terus nomor ak paket freedom gb 25k g pilih sungguh pilih kasih,0
please fix your customer service sayastem masa ngetik lebar tidak dapet solusi n,0
wajar kesal tidak beli kuota ribu udah isi ribu potong jad,0
hi kak balas via dm ya silah cek dmnya zia,1
hai mohon cek dm,1
cek dm min,1
min terima email padahal langgan indosat nama a,0
blokir m3 pascabayar,0
baik kak bantu yuk info detail via link dm bantu ya kak salam qila,1
yaelah sih,0
hai kak maaf alam untuk info kait masalah nomor balas via dm y,1
cek dm min,1
apn nya atur ya min,0
hai kak maaf ya kakak tidak nyaman mimin saran bs restart handphone pasti apn i,1
min pake paket freedom internet 8gb tahu tuh dipake jam ya,0
asya hai kak asya sdh respon dm cek ya kak thanks marsha,1
halo min hape hilang nomor gimana ya,0
hai kak debora mohon maaf kendala ya pasti klaim ketik usage kirim y,1
sudah kirim ya,0
hallo indosat ya pakai kuota lokal gabisa dipake browser main game atahu wa ig,0
udah gila sinyal hilang males kirim kirim data tidak ubah cuman,0
telat nyusahin,0
pagi lg susah signal kah susah banget browsing sosmed buffer hehehe please cek thanks,0
asya maaf bgt kak asya potong pulsa mimin bantu cek ya dm yuk nomor hp nama milik ka,1
hahahah,0
kunaon uy,0
tolong cek dm ya terimakasih,1
min cek dm,1
hi kak maaf alam kami saran clear cache nonaktif aplikasi jalan t,1
pagi min keluh nomor indosat mohon bantu,0
hai kak maaf alam untuk info kait masalah nomor balas via dm ya ka,1
sumpah emosi bgt jaring lambat banget,0
hi kak respon ya yuk cek dm kakak gia,1
hai kak maaf alam untuk info kait masalah nomor balas via,1
1821 nomor kuota lokal tidak ibuk tolong bantu ya buk,0
hai kak singgih bantu nih kait produk indosat yuk infoin detail kendala atahu perta,1
min indosat bandung ganggu gmn dari jam malem gabisa dipake urgent kerja,0
luvv pagi kak lapor jaring tangan tim ya hasil info kak thanks marsha,1
niih jaringaan knpp siih,0
halo tolong balas dm,0
halo min indosat lambat banget ya,0
min gmana sayaa tidak transaksi pakai buku warung sms notif gni,0
hai kak lidia maaf kendala ya yuk info nomor nama daftar jadi nama paket y,1
se plosok nya melar sinyal nya mah bagus,0
blum untung,0
halo sy beli kuota malam tidak hasil pagi cek pulsa kurang itu ta,0
padahal pelosok melar,0
rt nikmat mudah aplikasi myim3 download upgrade aplikasi agar cepat hubung agent,0
check dm,0
csy hi kak mohon maaf kendala yuk info nama nomor kendala pulsa sert,1
baik kak mohon maaf kendala ya kak yuk info nama nomor detail via dm,1
jd gaenak ak mrah2in admin indosat aduh maapin ak ya,0
hi kak jika kakak daftar paket feedom apps fun kakak tidak khawatir paket freedom int,1
hi kak mohon maaf kendala ya kak yuk clear cache off aplikasi jalan coba ak,1
hi kak mohon maaf kendala ya kak yuk restart hp coba akses ya kak jika,1
balikin duit gue tiba2 sedot,0
paket freedom internet aktif beli paket hapus,0
hi kak tatang ganti kartu kena biaya 000 reload pulsa beli extra kuo,0
csy hai kak maaf kakak tidak nyaman kait kendala kakak alami titidak la,1
hi kak mohon maaf kendala yuk info nama nomor detail via dm cek,1
gue tidak ikhlas y dasar kapitalis balikin atahu jajar komisaris you kaki nginjek lego amp jedot ujung meja umur hidup,0
csy sinyal ilang anj,0
hi min apa biaya ganti simcard rusak nomor thx,0
csy hai kak balas via dm ya jangan lupa jaga sehat kakak keluarga tata stayhomestayconnected,1
uy tanggungjawab cari duit susah,0
ini asik cumbu ilmu sinyal tidak,0
mbae pusheng ko dc,0
hargomulyo plosok,0
cek dm,1
min tolong bantu nomor dapet sms telpon nomor kenal pulsa potong,0
baik kak mimin balas via dm nih yuk dm aja ya kak selalu jaga sehat kakak da,1
oke kak dibales ya,0
hai kak mohon maaf alam alami kait kendala alami saat sdh info,1
wah admin kuk makasih ya jelas udah bersihin cache kaya dom sa,0
hai kak hana mohon maaf alam alami kait kendala alami saat sdh inf,1
hai kak mohon maaf kendala akses alami yuk clear cache aplikasi jalan jika,1
baik kak cacin maaf banget bikin tidak nyaman ya selamat istirahat moga mimpi indah salam ale,1
jelek banget you indosat lambat kaya otak ku,0
gk dl ak bt mo tdr ajh,0
hai kak cacin maaf banget bikin tidak nyaman ya agar bantu cariin solusi yuk infoin detail inf,1
mbak sinyal pacar hilang,0
anjg ak badmood grgr indosat,0
bales dm,0
t k w s hai kak mohon maaf perihal kendala sinyal alami kakak coba restart hp,1
min udah coba chat whatsapp udah chat agent tiba2 putus indira problem s,0
cek dm min,1
signal lambat mati lampu,0
astagfirullah tidak baik udah minggu loh jaring pantes pind,0
kenapa jaring indosat makin buruk padahal biasa bagus bagus wja,0
kak tolong cek dmnya,0
hai kak kaka regsitrasi paket via aplikasi ya kak silah kaka coba dah,1
udah dm yaaa,0
enak klo cmn ngedown gada sinyal anj,0
indosat ilang sinyal udah,0
kak cek dm pls,1
rooby hai kak mohon maaf alam alami kait kendala alami saat sdh info,1
hi kak yuk infoin detail dm ya bantu cek leo,1
hi kak mohon maaf ketidaknyamanannya kakak detail jadi via dm ya terima kasih adi,1
hai kak dini mohon maaf kendala jaring alami yuk restart hp laku setting,1
haloo indosat hobi sedot pulsa,0
sinyal indosat wilayah kl 3g ya whatsapp connecting trs,0
gimana sih gua daftar freedom combo 30gb 20gb doang korupsi bgt sih,0
saya kenadala henti langgan paket kak,1
apa pulsa sedot mulu dahal kagak gua pake samsek kenawhyyyy,0
beli kuota gede karna kerjain download sinyal indosat bikin boros ini ma,0
apaa indosat,0
baik kak pasti kakak akses sesuai benefit tercover kuota apps edu ya kuota apss edunya kurang salam una,0
ngeri remindere,0
kamu daftar paket internet dapat tawar paket baik indosat ooredoo atahu aplikasi myim3,0
jam 45 im3 superr ngeecriit,0
pak antena uhf ra,0
jika msh info no hp sinyal lokasi detail kota kab kec kel rt rw jalan no alternat,1
hi ka rira maaf kendala bisa bantu setting manual ya masuk menu atur network at,1
betul tp pas suka airplane karna sinyal hilang kuota utama jd sedot dr pakai kuota edunya,0
ko gabisa beli paket ya min bolak beli tidak konfirmasi hasil,0
hai kak maaf alam detail kami info via dm kei,1
orang meeting kek gin sinyal kek dah,0
hi kak maaf ya ketidaknyamanan alami mohon info data nama daftar m,1
hti hti komentar,0
cuaca mendung jaring tidak dukung,0
jual aja hpmu,0
bangsat npa y stiap main ml jaring ku hilang pls educate yourself,0
hai kak terimakasih ya setia produk indosat ooredoo jangan ragu hubung,1
halo ka tolong baca dm ya,0
sori udah suudzon,0
hai kak bantu kaka yuk infoin via pm atahu kendala,1
sudah isi paket atur network aja lambat,0
cek dm kak,1
saya info koneksi internet alami maju ya saya harap khusus gamers t,0
hai kak terimakasih ya setia produk indosat ooredoo jangan ragu hubung kam,1
hai kak yuk infoin nomor nomor nama aktif kartu sisa pulsa bukti transaksi ya k,1
ah bete lu tai sumpah,0
hai kak faisal mohon dpt cek dm sdh balas via dm salam lisa,1
sore jam kurang isi pulsa paket freedom unlimited giga masuk,0
malem pulsa kurang padahal kuota internet tolong cek,0
heyhey cek dm yuk sist,1
thankyou brow,0
tiap hujan internet muter muter kayak kipas angin rusak signal drop,0
ya kuota masuk tidak mohon jawab,0
ya pulsa kurang tidak dipake,0
cek dm bos kemaren nomer masalah,1
bener bikin darah aja tu indosat bang,0
hi kak mohon maaf ketidaknyamanannya kakak detail jadi via dm ya terima kasih adi,1
heh isi ulang kuota kuota lama hilang tanggungjawab tidak,0
admin tolong cek dm,1
hi kak cek guna kuota sesuai ya mana kuota freedom apps edu 30gb 30hr nya,0
are you ok jaring jelek,0
min iklan pop up nya bgt tidak close sih,0
kenapa kuota data utama pakai pakai aplikasi meet kuota edu,0
hai kak maaf alam ya yuk infoin via dm nomor kendala pulsa akh,1
emg susah im3 mah otp cepet ya pake tsel,0
gituu,0
kak gitu,0
min jaring jelek nih,0
sinyal tolong baik sinyal 4g ngegame ga stabil bikin tidak nyaman u,0
min tolong cek dm tks,0
hai kak mudah kece yuk infoin via dm nomor indosatnya nama te,1
kenapa pulsa potong padahal tidak pakai sms telfon saya cek aplikasi myim3 sms,0
hi kak mohon maaf ketidaknyamanannya kakak detail jadi via dm ya terima kasih adi,1
owkey sudah mohon baca,0
tampol,0
rumah mu aja rumah ku kagak tuh,0
hi kak yuk infoin data2 via dm nomor lokasi detail jalan rt,1
ini ya udah sms internet aktif tapi tidak pakai tolong,0
beli paket gb rb tina hilang kenapa ya aneh,0
toloooong sms otp nomer im3 qo ngga masuk yaa padahal sms nomer masuk,0
ini udah hubungin im3 kemaren suruh gopay udah gopay suruh im3 udah 1x24 jam,0
baik kak takdir upaya akses device ya informasi la,1
nikmat mudah aplikasi myim3 download upgrade aplikasi agar cepat hubung k,0
min poco f2 pro 5g dibisain layan 5g nya,0
hi kak doddy mohon maaf ketidaknyamanannya kakak detail jadi via dm ya terima kasih adi,1
duhh sinyal semuli raya dah lambat bgt buffering kirim email aja tidak b,0
gak 0kbps aja ta sekali bikin 2g ato gaja kecewa,0
dear habis hujan sinyal lambat gin paket 18gb 50gb udah restart tolong fu min,0
min kuota mas knp gamau nyambung sih paket data udah aktif hadeh plisdeh,0
rika hi kak informasi dm ya kak salam yusi,1
hai,0
cek dm min,1
hi kak mohon maaf ketidaknyamanannya kakak detail jadi via dm ya terima kasih adi,1
rika hai kak mansur bantu cek info nomor sinyal muncul lokasi detail via dm ya moa,1
gak banyakin promo baik jaring layan hari speed 4g koq kek gtu semua,0
tetap aja jelek,0
kek gin gk perly kasih bintang jijik kali 4g speednya kek gin mlulu,0
two thumb down for sorry to say eh deh,0
